participant_id	age	sex	hand	weight	height	group	species	bci_experience
sub-1	24.0	n/a	n/a	n/a	n/a	healthy	homo sapiens	10 BCI-naive; 5 without online BCI experience
sub-10	24.0	n/a	n/a	n/a	n/a	healthy	homo sapiens	10 BCI-naive; 5 without online BCI experience
sub-11	24.0	n/a	n/a	n/a	n/a	healthy	homo sapiens	10 BCI-naive; 5 without online BCI experience
sub-12	24.0	n/a	n/a	n/a	n/a	healthy	homo sapiens	10 BCI-naive; 5 without online BCI experience
sub-13	24.0	n/a	n/a	n/a	n/a	healthy	homo sapiens	10 BCI-naive; 5 without online BCI experience
sub-14	24.0	n/a	n/a	n/a	n/a	healthy	homo sapiens	10 BCI-naive; 5 without online BCI experience
sub-15	24.0	n/a	n/a	n/a	n/a	healthy	homo sapiens	10 BCI-naive; 5 without online BCI experience
sub-2	24.0	n/a	n/a	n/a	n/a	healthy	homo sapiens	10 BCI-naive; 5 without online BCI experience
sub-3	24.0	n/a	n/a	n/a	n/a	healthy	homo sapiens	10 BCI-naive; 5 without online BCI experience
sub-4	24.0	n/a	n/a	n/a	n/a	healthy	homo sapiens	10 BCI-naive; 5 without online BCI experience
sub-5	24.0	n/a	n/a	n/a	n/a	healthy	homo sapiens	10 BCI-naive; 5 without online BCI experience
sub-6	24.0	n/a	n/a	n/a	n/a	healthy	homo sapiens	10 BCI-naive; 5 without online BCI experience
sub-7	24.0	n/a	n/a	n/a	n/a	healthy	homo sapiens	10 BCI-naive; 5 without online BCI experience
sub-8	24.0	n/a	n/a	n/a	n/a	healthy	homo sapiens	10 BCI-naive; 5 without online BCI experience
sub-9	24.0	n/a	n/a	n/a	n/a	healthy	homo sapiens	10 BCI-naive; 5 without online BCI experience
