onset	duration	trial_type	value	sample
1.0	3.99609375	tongue	5	256
5.0	0.0	EDGE boundary	1	1280
6.0	3.99609375	feet	2	1536
10.0	0.0	EDGE boundary	1	2560
11.0	3.99609375	left_hand	3	2816
15.0	0.0	EDGE boundary	1	3840
16.0	3.99609375	right_hand	4	4096
20.0	0.0	EDGE boundary	1	5120
21.0	3.99609375	left_hand	3	5376
25.0	0.0	EDGE boundary	1	6400
26.0	3.99609375	feet	2	6656
30.0	0.0	EDGE boundary	1	7680
31.0	3.99609375	tongue	5	7936
35.0	0.0	EDGE boundary	1	8960
36.0	3.99609375	right_hand	4	9216
40.0	0.0	EDGE boundary	1	10240
41.0	3.99609375	right_hand	4	10496
45.0	0.0	EDGE boundary	1	11520
46.0	3.99609375	tongue	5	11776
50.0	0.0	EDGE boundary	1	12800
51.0	3.99609375	feet	2	13056
55.0	0.0	EDGE boundary	1	14080
56.0	3.99609375	left_hand	3	14336
60.0	0.0	EDGE boundary	1	15360
61.0	3.99609375	left_hand	3	15616
65.0	0.0	EDGE boundary	1	16640
66.0	3.99609375	feet	2	16896
70.0	0.0	EDGE boundary	1	17920
71.0	3.99609375	right_hand	4	18176
75.0	0.0	EDGE boundary	1	19200
76.0	3.99609375	tongue	5	19456
80.0	0.0	EDGE boundary	1	20480
81.0	3.99609375	right_hand	4	20736
85.0	0.0	EDGE boundary	1	21760
86.0	3.99609375	left_hand	3	22016
90.0	0.0	EDGE boundary	1	23040
91.0	3.99609375	tongue	5	23296
95.0	0.0	EDGE boundary	1	24320
96.0	3.99609375	feet	2	24576
100.0	0.0	EDGE boundary	1	25600
101.0	3.99609375	right_hand	4	25856
105.0	0.0	EDGE boundary	1	26880
106.0	3.99609375	tongue	5	27136
110.0	0.0	EDGE boundary	1	28160
111.0	3.99609375	left_hand	3	28416
115.0	0.0	EDGE boundary	1	29440
116.0	3.99609375	feet	2	29696
120.0	0.0	EDGE boundary	1	30720
121.0	3.99609375	right_hand	4	30976
125.0	0.0	EDGE boundary	1	32000
126.0	3.99609375	tongue	5	32256
130.0	0.0	EDGE boundary	1	33280
131.0	3.99609375	left_hand	3	33536
135.0	0.0	EDGE boundary	1	34560
136.0	3.99609375	feet	2	34816
140.0	0.0	EDGE boundary	1	35840
141.0	3.99609375	right_hand	4	36096
145.0	0.0	EDGE boundary	1	37120
146.0	3.99609375	tongue	5	37376
150.0	0.0	EDGE boundary	1	38400
151.0	3.99609375	feet	2	38656
155.0	0.0	EDGE boundary	1	39680
156.0	3.99609375	left_hand	3	39936
160.0	0.0	EDGE boundary	1	40960
161.0	3.99609375	tongue	5	41216
165.0	0.0	EDGE boundary	1	42240
166.0	3.99609375	feet	2	42496
170.0	0.0	EDGE boundary	1	43520
171.0	3.99609375	left_hand	3	43776
175.0	0.0	EDGE boundary	1	44800
176.0	3.99609375	right_hand	4	45056
180.0	0.0	EDGE boundary	1	46080
181.0	3.99609375	feet	2	46336
185.0	0.0	EDGE boundary	1	47360
186.0	3.99609375	tongue	5	47616
190.0	0.0	EDGE boundary	1	48640
191.0	3.99609375	right_hand	4	48896
195.0	0.0	EDGE boundary	1	49920
196.0	3.99609375	left_hand	3	50176
200.0	0.0	EDGE boundary	1	51200
201.0	3.99609375	tongue	5	51456
205.0	0.0	EDGE boundary	1	52480
206.0	3.99609375	right_hand	4	52736
210.0	0.0	EDGE boundary	1	53760
211.0	3.99609375	left_hand	3	54016
215.0	0.0	EDGE boundary	1	55040
216.0	3.99609375	feet	2	55296
220.0	0.0	EDGE boundary	1	56320
221.0	3.99609375	tongue	5	56576
225.0	0.0	EDGE boundary	1	57600
226.0	3.99609375	right_hand	4	57856
230.0	0.0	EDGE boundary	1	58880
231.0	3.99609375	left_hand	3	59136
235.0	0.0	EDGE boundary	1	60160
236.0	3.99609375	feet	2	60416
240.0	0.0	EDGE boundary	1	61440
241.0	3.99609375	left_hand	3	61696
245.0	0.0	EDGE boundary	1	62720
246.0	3.99609375	feet	2	62976
250.0	0.0	EDGE boundary	1	64000
251.0	3.99609375	right_hand	4	64256
255.0	0.0	EDGE boundary	1	65280
256.0	3.99609375	tongue	5	65536
260.0	0.0	EDGE boundary	1	66560
261.0	3.99609375	tongue	5	66816
265.0	0.0	EDGE boundary	1	67840
266.0	3.99609375	left_hand	3	68096
270.0	0.0	EDGE boundary	1	69120
271.0	3.99609375	right_hand	4	69376
275.0	0.0	EDGE boundary	1	70400
276.0	3.99609375	feet	2	70656
280.0	0.0	EDGE boundary	1	71680
281.0	3.99609375	feet	2	71936
285.0	0.0	EDGE boundary	1	72960
286.0	3.99609375	left_hand	3	73216
290.0	0.0	EDGE boundary	1	74240
291.0	3.99609375	tongue	5	74496
295.0	0.0	EDGE boundary	1	75520
296.0	3.99609375	right_hand	4	75776
300.0	0.0	EDGE boundary	1	76800
301.0	3.99609375	tongue	5	77056
305.0	0.0	EDGE boundary	1	78080
306.0	3.99609375	right_hand	4	78336
310.0	0.0	EDGE boundary	1	79360
311.0	3.99609375	left_hand	3	79616
315.0	0.0	EDGE boundary	1	80640
316.0	3.99609375	feet	2	80896
320.0	0.0	EDGE boundary	1	81920
321.0	3.99609375	tongue	5	82176
325.0	0.0	EDGE boundary	1	83200
326.0	3.99609375	left_hand	3	83456
330.0	0.0	EDGE boundary	1	84480
331.0	3.99609375	feet	2	84736
335.0	0.0	EDGE boundary	1	85760
336.0	3.99609375	right_hand	4	86016
340.0	0.0	EDGE boundary	1	87040
341.0	3.99609375	tongue	5	87296
345.0	0.0	EDGE boundary	1	88320
346.0	3.99609375	right_hand	4	88576
350.0	0.0	EDGE boundary	1	89600
351.0	3.99609375	feet	2	89856
355.0	0.0	EDGE boundary	1	90880
356.0	3.99609375	left_hand	3	91136
360.0	0.0	EDGE boundary	1	92160
361.0	3.99609375	left_hand	3	92416
365.0	0.0	EDGE boundary	1	93440
366.0	3.99609375	tongue	5	93696
370.0	0.0	EDGE boundary	1	94720
371.0	3.99609375	right_hand	4	94976
375.0	0.0	EDGE boundary	1	96000
376.0	3.99609375	feet	2	96256
380.0	0.0	EDGE boundary	1	97280
381.0	3.99609375	tongue	5	97536
385.0	0.0	EDGE boundary	1	98560
386.0	3.99609375	left_hand	3	98816
390.0	0.0	EDGE boundary	1	99840
391.0	3.99609375	right_hand	4	100096
395.0	0.0	EDGE boundary	1	101120
396.0	3.99609375	feet	2	101376
400.0	0.0	EDGE boundary	1	102400
401.0	3.99609375	left_hand	3	102656
405.0	0.0	EDGE boundary	1	103680
406.0	3.99609375	right_hand	4	103936
410.0	0.0	EDGE boundary	1	104960
411.0	3.99609375	tongue	5	105216
415.0	0.0	EDGE boundary	1	106240
416.0	3.99609375	feet	2	106496
420.0	0.0	EDGE boundary	1	107520
421.0	3.99609375	left_hand	3	107776
425.0	0.0	EDGE boundary	1	108800
426.0	3.99609375	tongue	5	109056
430.0	0.0	EDGE boundary	1	110080
431.0	3.99609375	right_hand	4	110336
435.0	0.0	EDGE boundary	1	111360
436.0	3.99609375	feet	2	111616
440.0	0.0	EDGE boundary	1	112640
441.0	3.99609375	left_hand	3	112896
445.0	0.0	EDGE boundary	1	113920
446.0	3.99609375	feet	2	114176
450.0	0.0	EDGE boundary	1	115200
451.0	3.99609375	tongue	5	115456
455.0	0.0	EDGE boundary	1	116480
456.0	3.99609375	right_hand	4	116736
460.0	0.0	EDGE boundary	1	117760
461.0	3.99609375	left_hand	3	118016
465.0	0.0	EDGE boundary	1	119040
466.0	3.99609375	right_hand	4	119296
470.0	0.0	EDGE boundary	1	120320
471.0	3.99609375	tongue	5	120576
475.0	0.0	EDGE boundary	1	121600
476.0	3.99609375	feet	2	121856
480.0	0.0	EDGE boundary	1	122880
481.0	3.99609375	left_hand	3	123136
485.0	0.0	EDGE boundary	1	124160
486.0	3.99609375	feet	2	124416
490.0	0.0	EDGE boundary	1	125440
491.0	3.99609375	tongue	5	125696
495.0	0.0	EDGE boundary	1	126720
496.0	3.99609375	right_hand	4	126976
500.0	0.0	EDGE boundary	1	128000
501.0	3.99609375	left_hand	3	128256
505.0	0.0	EDGE boundary	1	129280
506.0	3.99609375	right_hand	4	129536
510.0	0.0	EDGE boundary	1	130560
511.0	3.99609375	tongue	5	130816
515.0	0.0	EDGE boundary	1	131840
516.0	3.99609375	feet	2	132096
520.0	0.0	EDGE boundary	1	133120
521.0	3.99609375	left_hand	3	133376
525.0	0.0	EDGE boundary	1	134400
526.0	3.99609375	feet	2	134656
530.0	0.0	EDGE boundary	1	135680
531.0	3.99609375	tongue	5	135936
535.0	0.0	EDGE boundary	1	136960
536.0	3.99609375	right_hand	4	137216
540.0	0.0	EDGE boundary	1	138240
541.0	3.99609375	feet	2	138496
545.0	0.0	EDGE boundary	1	139520
546.0	3.99609375	tongue	5	139776
550.0	0.0	EDGE boundary	1	140800
551.0	3.99609375	right_hand	4	141056
555.0	0.0	EDGE boundary	1	142080
556.0	3.99609375	left_hand	3	142336
560.0	0.0	EDGE boundary	1	143360
561.0	3.99609375	left_hand	3	143616
565.0	0.0	EDGE boundary	1	144640
566.0	3.99609375	right_hand	4	144896
570.0	0.0	EDGE boundary	1	145920
571.0	3.99609375	feet	2	146176
575.0	0.0	EDGE boundary	1	147200
576.0	3.99609375	tongue	5	147456
580.0	0.0	EDGE boundary	1	148480
581.0	3.99609375	right_hand	4	148736
585.0	0.0	EDGE boundary	1	149760
586.0	3.99609375	tongue	5	150016
590.0	0.0	EDGE boundary	1	151040
591.0	3.99609375	feet	2	151296
595.0	0.0	EDGE boundary	1	152320
596.0	3.99609375	left_hand	3	152576
600.0	0.0	EDGE boundary	1	153600
601.0	3.99609375	tongue	5	153856
605.0	0.0	EDGE boundary	1	154880
606.0	3.99609375	right_hand	4	155136
610.0	0.0	EDGE boundary	1	156160
611.0	3.99609375	left_hand	3	156416
615.0	0.0	EDGE boundary	1	157440
616.0	3.99609375	feet	2	157696
620.0	0.0	EDGE boundary	1	158720
621.0	3.99609375	right_hand	4	158976
625.0	0.0	EDGE boundary	1	160000
626.0	3.99609375	left_hand	3	160256
630.0	0.0	EDGE boundary	1	161280
631.0	3.99609375	tongue	5	161536
635.0	0.0	EDGE boundary	1	162560
636.0	3.99609375	feet	2	162816
640.0	0.0	EDGE boundary	1	163840
641.0	3.99609375	feet	2	164096
645.0	0.0	EDGE boundary	1	165120
646.0	3.99609375	right_hand	4	165376
650.0	0.0	EDGE boundary	1	166400
651.0	3.99609375	tongue	5	166656
655.0	0.0	EDGE boundary	1	167680
656.0	3.99609375	left_hand	3	167936
660.0	0.0	EDGE boundary	1	168960
661.0	3.99609375	left_hand	3	169216
665.0	0.0	EDGE boundary	1	170240
666.0	3.99609375	tongue	5	170496
670.0	0.0	EDGE boundary	1	171520
671.0	3.99609375	feet	2	171776
675.0	0.0	EDGE boundary	1	172800
676.0	3.99609375	right_hand	4	173056
680.0	0.0	EDGE boundary	1	174080
681.0	3.99609375	left_hand	3	174336
685.0	0.0	EDGE boundary	1	175360
686.0	3.99609375	right_hand	4	175616
690.0	0.0	EDGE boundary	1	176640
691.0	3.99609375	tongue	5	176896
695.0	0.0	EDGE boundary	1	177920
696.0	3.99609375	feet	2	178176
700.0	0.0	EDGE boundary	1	179200
701.0	3.99609375	right_hand	4	179456
705.0	0.0	EDGE boundary	1	180480
706.0	3.99609375	feet	2	180736
710.0	0.0	EDGE boundary	1	181760
711.0	3.99609375	tongue	5	182016
715.0	0.0	EDGE boundary	1	183040
716.0	3.99609375	left_hand	3	183296
720.0	0.0	EDGE boundary	1	184320
721.0	3.99609375	right_hand	4	184576
725.0	0.0	EDGE boundary	1	185600
726.0	3.99609375	tongue	5	185856
730.0	0.0	EDGE boundary	1	186880
731.0	3.99609375	left_hand	3	187136
735.0	0.0	EDGE boundary	1	188160
736.0	3.99609375	feet	2	188416
740.0	0.0	EDGE boundary	1	189440
741.0	3.99609375	left_hand	3	189696
745.0	0.0	EDGE boundary	1	190720
746.0	3.99609375	right_hand	4	190976
750.0	0.0	EDGE boundary	1	192000
751.0	3.99609375	feet	2	192256
755.0	0.0	EDGE boundary	1	193280
756.0	3.99609375	tongue	5	193536
760.0	0.0	EDGE boundary	1	194560
761.0	3.99609375	left_hand	3	194816
765.0	0.0	EDGE boundary	1	195840
766.0	3.99609375	tongue	5	196096
770.0	0.0	EDGE boundary	1	197120
771.0	3.99609375	feet	2	197376
775.0	0.0	EDGE boundary	1	198400
776.0	3.99609375	right_hand	4	198656
780.0	0.0	EDGE boundary	1	199680
781.0	3.99609375	left_hand	3	199936
785.0	0.0	EDGE boundary	1	200960
786.0	3.99609375	feet	2	201216
790.0	0.0	EDGE boundary	1	202240
791.0	3.99609375	right_hand	4	202496
795.0	0.0	EDGE boundary	1	203520
796.0	3.99609375	tongue	5	203776
800.0	0.0	EDGE boundary	1	204800
801.0	3.99609375	feet	2	205056
805.0	0.0	EDGE boundary	1	206080
806.0	3.99609375	left_hand	3	206336
810.0	0.0	EDGE boundary	1	207360
811.0	3.99609375	right_hand	4	207616
815.0	0.0	EDGE boundary	1	208640
816.0	3.99609375	tongue	5	208896
820.0	0.0	EDGE boundary	1	209920
821.0	3.99609375	right_hand	4	210176
825.0	0.0	EDGE boundary	1	211200
826.0	3.99609375	tongue	5	211456
830.0	0.0	EDGE boundary	1	212480
831.0	3.99609375	left_hand	3	212736
835.0	0.0	EDGE boundary	1	213760
836.0	3.99609375	feet	2	214016
840.0	0.0	EDGE boundary	1	215040
841.0	3.99609375	tongue	5	215296
845.0	0.0	EDGE boundary	1	216320
846.0	3.99609375	feet	2	216576
850.0	0.0	EDGE boundary	1	217600
851.0	3.99609375	left_hand	3	217856
855.0	0.0	EDGE boundary	1	218880
856.0	3.99609375	right_hand	4	219136
860.0	0.0	EDGE boundary	1	220160
861.0	3.99609375	tongue	5	220416
865.0	0.0	EDGE boundary	1	221440
866.0	3.99609375	left_hand	3	221696
870.0	0.0	EDGE boundary	1	222720
871.0	3.99609375	right_hand	4	222976
875.0	0.0	EDGE boundary	1	224000
876.0	3.99609375	feet	2	224256
880.0	0.0	EDGE boundary	1	225280
881.0	3.99609375	right_hand	4	225536
885.0	0.0	EDGE boundary	1	226560
886.0	3.99609375	left_hand	3	226816
890.0	0.0	EDGE boundary	1	227840
891.0	3.99609375	feet	2	228096
895.0	0.0	EDGE boundary	1	229120
896.0	3.99609375	tongue	5	229376
900.0	0.0	EDGE boundary	1	230400
901.0	3.99609375	right_hand	4	230656
905.0	0.0	EDGE boundary	1	231680
906.0	3.99609375	left_hand	3	231936
910.0	0.0	EDGE boundary	1	232960
911.0	3.99609375	tongue	5	233216
915.0	0.0	EDGE boundary	1	234240
916.0	3.99609375	feet	2	234496
920.0	0.0	EDGE boundary	1	235520
921.0	3.99609375	tongue	5	235776
925.0	0.0	EDGE boundary	1	236800
926.0	3.99609375	left_hand	3	237056
930.0	0.0	EDGE boundary	1	238080
931.0	3.99609375	feet	2	238336
935.0	0.0	EDGE boundary	1	239360
936.0	3.99609375	right_hand	4	239616
940.0	0.0	EDGE boundary	1	240640
941.0	3.99609375	right_hand	4	240896
945.0	0.0	EDGE boundary	1	241920
946.0	3.99609375	tongue	5	242176
950.0	0.0	EDGE boundary	1	243200
951.0	3.99609375	left_hand	3	243456
955.0	0.0	EDGE boundary	1	244480
956.0	3.99609375	feet	2	244736
960.0	0.0	EDGE boundary	1	245760
961.0	3.99609375	left_hand	3	246016
965.0	0.0	EDGE boundary	1	247040
966.0	3.99609375	tongue	5	247296
970.0	0.0	EDGE boundary	1	248320
971.0	3.99609375	right_hand	4	248576
975.0	0.0	EDGE boundary	1	249600
976.0	3.99609375	feet	2	249856
980.0	0.0	EDGE boundary	1	250880
981.0	3.99609375	tongue	5	251136
985.0	0.0	EDGE boundary	1	252160
986.0	3.99609375	feet	2	252416
990.0	0.0	EDGE boundary	1	253440
991.0	3.99609375	left_hand	3	253696
995.0	0.0	EDGE boundary	1	254720
996.0	3.99609375	right_hand	4	254976
1000.0	0.0	EDGE boundary	1	256000
1001.0	3.99609375	tongue	5	256256
1005.0	0.0	EDGE boundary	1	257280
1006.0	3.99609375	feet	2	257536
1010.0	0.0	EDGE boundary	1	258560
1011.0	3.99609375	left_hand	3	258816
1015.0	0.0	EDGE boundary	1	259840
1016.0	3.99609375	right_hand	4	260096
1020.0	0.0	EDGE boundary	1	261120
1021.0	3.99609375	tongue	5	261376
1025.0	0.0	EDGE boundary	1	262400
1026.0	3.99609375	left_hand	3	262656
1030.0	0.0	EDGE boundary	1	263680
1031.0	3.99609375	feet	2	263936
1035.0	0.0	EDGE boundary	1	264960
1036.0	3.99609375	right_hand	4	265216
1040.0	0.0	EDGE boundary	1	266240
1041.0	3.99609375	left_hand	3	266496
1045.0	0.0	EDGE boundary	1	267520
1046.0	3.99609375	tongue	5	267776
1050.0	0.0	EDGE boundary	1	268800
1051.0	3.99609375	feet	2	269056
1055.0	0.0	EDGE boundary	1	270080
1056.0	3.99609375	right_hand	4	270336
1060.0	0.0	EDGE boundary	1	271360
1061.0	3.99609375	tongue	5	271616
1065.0	0.0	EDGE boundary	1	272640
1066.0	3.99609375	left_hand	3	272896
1070.0	0.0	EDGE boundary	1	273920
1071.0	3.99609375	feet	2	274176
1075.0	0.0	EDGE boundary	1	275200
1076.0	3.99609375	right_hand	4	275456
1080.0	0.0	EDGE boundary	1	276480
1081.0	3.99609375	left_hand	3	276736
1085.0	0.0	EDGE boundary	1	277760
1086.0	3.99609375	tongue	5	278016
1090.0	0.0	EDGE boundary	1	279040
1091.0	3.99609375	right_hand	4	279296
1095.0	0.0	EDGE boundary	1	280320
1096.0	3.99609375	feet	2	280576
1100.0	0.0	EDGE boundary	1	281600
1101.0	3.99609375	right_hand	4	281856
1105.0	0.0	EDGE boundary	1	282880
1106.0	3.99609375	left_hand	3	283136
1110.0	0.0	EDGE boundary	1	284160
1111.0	3.99609375	tongue	5	284416
1115.0	0.0	EDGE boundary	1	285440
1116.0	3.99609375	feet	2	285696
1120.0	0.0	EDGE boundary	1	286720
1121.0	3.99609375	feet	2	286976
1125.0	0.0	EDGE boundary	1	288000
1126.0	3.99609375	tongue	5	288256
1130.0	0.0	EDGE boundary	1	289280
1131.0	3.99609375	left_hand	3	289536
1135.0	0.0	EDGE boundary	1	290560
1136.0	3.99609375	right_hand	4	290816
1140.0	0.0	EDGE boundary	1	291840
1141.0	3.99609375	left_hand	3	292096
1145.0	0.0	EDGE boundary	1	293120
1146.0	3.99609375	feet	2	293376
1150.0	0.0	EDGE boundary	1	294400
1151.0	3.99609375	right_hand	4	294656
1155.0	0.0	EDGE boundary	1	295680
1156.0	3.99609375	tongue	5	295936
1160.0	0.0	EDGE boundary	1	296960
1161.0	3.99609375	left_hand	3	297216
1165.0	0.0	EDGE boundary	1	298240
1166.0	3.99609375	feet	2	298496
1170.0	0.0	EDGE boundary	1	299520
1171.0	3.99609375	tongue	5	299776
1175.0	0.0	EDGE boundary	1	300800
1176.0	3.99609375	right_hand	4	301056
1180.0	0.0	EDGE boundary	1	302080
1181.0	3.99609375	feet	2	302336
1185.0	0.0	EDGE boundary	1	303360
1186.0	3.99609375	right_hand	4	303616
1190.0	0.0	EDGE boundary	1	304640
1191.0	3.99609375	left_hand	3	304896
1195.0	0.0	EDGE boundary	1	305920
1196.0	3.99609375	tongue	5	306176
